STAID,Q10,Q25,Q50,Q75,Q90,min,max
,,,,,,,
,,,,,,,
,,,,,,,
,,,,,,,
,,,,,,,
,,,,,,,
,,,,,,,
,,,,,,,
,,,,,,,
,,,,,,,
,,,,,,,
,,,,,,,
,,,,,,,
,,,,,,,
,,,,,,,
,,,,,,,
,,,,,,,
,,,,,,,
,,,,,,,
,,,,,,,
,,,,,,,
,,,,,,,
,,,,,,,
,,,,,,,
,,,,,,,
,,,,,,,
,,,,,,,
,,,,,,,
,,,,,,,
,,,,,,,
,,,,,,,
,,,,,,,
,,,,,,,
,,,,,,,
,,,,,,,
,,,,,,,
,,,,,,,
,,,,,,,
,,,,,,,
,,,,,,,
,,,,,,,
,,,,,,,
,,,,,,,
,,,,,,,
,,,,,,,
,,,,,,,
,,,,,,,
,,,,,,,
,,,,,,,
,,,,,,,
,,,,,,,
,,,,,,,
02323592,3290,4460,6710,10800,16700,1920,30200
,,,,,,,
,,,,,,,
,,,,,,,
,,,,,,,
,,,,,,,
,,,,,,,
,,,,,,,
,,,,,,,
01354500,1450,2290,4480,8230,13700,782,31780
,,,,,,,
,,,,,,,
,,,,,,,
,,,,,,,
,,,,,,,
,,,,,,,
,,,,,,,
,,,,,,,
,,,,,,,
,,,,,,,
,,,,,,,
,,,,,,,
,,,,,,,
,,,,,,,
,,,,,,,
,,,,,,,
,,,,,,,
,,,,,,,
,,,,,,,
,,,,,,,
,,,,,,,
,,,,,,,
,,,,,,,
,,,,,,,
,,,,,,,
,,,,,,,
,,,,,,,
,,,,,,,
,,,,,,,
,,,,,,,
,,,,,,,
,,,,,,,
,,,,,,,
,,,,,,,
,,,,,,,
,,,,,,,
,,,,,,,
01347000,1000,1370,2210,3720,6090,702,12900
,,,,,,,
,,,,,,,
,,,,,,,
,,,,,,,
,,,,,,,
,,,,,,,
,,,,,,,
,,,,,,,
,,,,,,,
,,,,,,,
,,,,,,,
,,,,,,,
,,,,,,,
,,,,,,,
,,,,,,,
,,,,,,,
,,,,,,,
,,,,,,,
,,,,,,,
,,,,,,,
,,,,,,,
,,,,,,,
,,,,,,,
,,,,,,,
,,,,,,,
,,,,,,,
,,,,,,,
,,,,,,,
,,,,,,,
,,,,,,,
,,,,,,,
,,,,,,,
,,,,,,,
,,,,,,,
,,,,,,,
,,,,,,,
,,,,,,,
,,,,,,,
,,,,,,,
,,,,,,,
,,,,,,,
,,,,,,,
02234500,160,827.25,1700,3170,5219,-961.95,10800
,,,,,,,
,,,,,,,
,,,,,,,
,,,,,,,
,,,,,,,
,,,,,,,
,,,,,,,
,,,,,,,
,,,,,,,
,,,,,,,
,,,,,,,
,,,,,,,
,,,,,,,
,,,,,,,
,,,,,,,
02276877,-215.4,-14,52.2,328,1170,-1340,4624.8
,,,,,,,
,,,,,,,
,,,,,,,
,,,,,,,
,,,,,,,
,,,,,,,
,,,,,,,
,,,,,,,
,,,,,,,
,,,,,,,
,,,,,,,
,,,,,,,
,,,,,,,
,,,,,,,
,,,,,,,
,,,,,,,
,,,,,,,
,,,,,,,
,,,,,,,
,,,,,,,
,,,,,,,
,,,,,,,
,,,,,,,
,,,,,,,
02244040,-1180,1790,4730,8070,11600,-9658.1,19280.9999999999
,,,,,,,
,,,,,,,
,,,,,,,
,,,,,,,
,,,,,,,
,,,,,,,
,,,,,,,
,,,,,,,
,,,,,,,
,,,,,,,
,,,,,,,
,,,,,,,
,,,,,,,
,,,,,,,
,,,,,,,
,,,,,,,
,,,,,,,
,,,,,,,
,,,,,,,
,,,,,,,
,,,,,,,
,,,,,,,
,,,,,,,
,,,,,,,
,,,,,,,
,,,,,,,
,,,,,,,
,,,,,,,
,,,,,,,
,,,,,,,
,,,,,,,
,,,,,,,
,,,,,,,
,,,,,,,
,,,,,,,
01357500,1240,2050,3910,7590,14100,585,35640
,,,,,,,
,,,,,,,
,,,,,,,
,,,,,,,
,,,,,,,
,,,,,,,
,,,,,,,
,,,,,,,
,,,,,,,
,,,,,,,
,,,,,,,
,,,,,,,
,,,,,,,
,,,,,,,
,,,,,,,
,,,,,,,
,,,,,,,
,,,,,,,
02313250,554,710,980,1320,1440,358,1580
,,,,,,,
,,,,,,,
,,,,,,,
,,,,,,,
,,,,,,,
,,,,,,,
,,,,,,,
,,,,,,,
,,,,,,,
,,,,,,,
,,,,,,,
,,,,,,,
,,,,,,,
,,,,,,,
,,,,,,,
,,,,,,,
,,,,,,,
,,,,,,,
,,,,,,,
,,,,,,,
,,,,,,,
,,,,,,,
01102345,2.837,7.7,20.5,42,72.6,0.8,180.129999999999
,,,,,,,
,,,,,,,
,,,,,,,
,,,,,,,
,,,,,,,
,,,,,,,
,,,,,,,
,,,,,,,
,,,,,,,
,,,,,,,
,,,,,,,
,,,,,,,
,,,,,,,
,,,,,,,
,,,,,,,
,,,,,,,
02313250,554,710,980,1320,1440,358,1580
,,,,,,,
,,,,,,,
,,,,,,,
,,,,,,,
,,,,,,,
,,,,,,,
,,,,,,,
,,,,,,,
,,,,,,,
,,,,,,,
,,,,,,,
,,,,,,,
,,,,,,,
,,,,,,,
,,,,,,,
,,,,,,,
,,,,,,,
,,,,,,,
,,,,,,,
,,,,,,,
,,,,,,,
,,,,,,,
,,,,,,,
,,,,,,,
,,,,,,,
,,,,,,,
,,,,,,,
,,,,,,,
,,,,,,,
,,,,,,,
,,,,,,,
,,,,,,,
,,,,,,,
,,,,,,,
,,,,,,,
,,,,,,,
,,,,,,,
,,,,,,,
,,,,,,,
,,,,,,,
,,,,,,,
,,,,,,,
,,,,,,,
,,,,,,,
,,,,,,,
,,,,,,,
,,,,,,,
,,,,,,,
,,,,,,,
,,,,,,,
,,,,,,,
,,,,,,,
,,,,,,,
,,,,,,,
,,,,,,,
,,,,,,,
,,,,,,,
,,,,,,,
,,,,,,,
,,,,,,,
,,,,,,,
,,,,,,,
,,,,,,,
,,,,,,,
,,,,,,,
,,,,,,,
,,,,,,,
,,,,,,,
,,,,,,,
02244040,-1180,1790,4730,8070,11600,-9658.1,19280.9999999999
,,,,,,,
,,,,,,,
,,,,,,,
,,,,,,,
,,,,,,,
,,,,,,,
,,,,,,,
,,,,,,,
,,,,,,,
,,,,,,,
,,,,,,,
,,,,,,,
,,,,,,,
,,,,,,,
,,,,,,,
,,,,,,,
,,,,,,,
,,,,,,,
,,,,,,,
,,,,,,,
,,,,,,,
,,,,,,,
,,,,,,,
,,,,,,,
,,,,,,,
,,,,,,,
,,,,,,,
,,,,,,,
,,,,,,,
,,,,,,,
,,,,,,,
,,,,,,,
,,,,,,,
,,,,,,,
,,,,,,,
,,,,,,,
,,,,,,,
,,,,,,,
,,,,,,,
,,,,,,,
01460440,109.7,128,140,148,154,32.348,163
,,,,,,,
02246500,-10400,-1480,7495,15900,23900,-32118,44000
,,,,,,,
,,,,,,,
,,,,,,,
,,,,,,,
,,,,,,,
,,,,,,,
,,,,,,,
01060000,41,61,124,279,597,24.4,2190
,,,,,,,
,,,,,,,
,,,,,,,
,,,,,,,
,,,,,,,
,,,,,,,
,,,,,,,
02310750,228.3,411.75,624.5,859,1080,-475.82,1720
,,,,,,,
,,,,,,,
,,,,,,,
,,,,,,,
,,,,,,,
01105583,1.543,9.62,30.2,62.975,113,0.23,288.27
,,,,,,,
,,,,,,,
,,,,,,,
,,,,,,,
,,,,,,,
,,,,,,,
02292010,-31.7,145,579,1340,2490,-692.8,6442
,,,,,,,
,,,,,,,
,,,,,,,
,,,,,,,
,,,,,,,
,,,,,,,
,,,,,,,
,,,,,,,
,,,,,,,
,,,,,,,
,,,,,,,
,,,,,,,
,,,,,,,
,,,,,,,
,,,,,,,
,,,,,,,
,,,,,,,
,,,,,,,
02276877,-215.4,-14,52.2,328,1170,-1340,4624.8
,,,,,,,
,,,,,,,
,,,,,,,
,,,,,,,
02292900,2.3,163,1000,2530,5320,0,11200
,,,,,,,
,,,,,,,
,,,,,,,
,,,,,,,
,,,,,,,
,,,,,,,
,,,,,,,
,,,,,,,
,,,,,,,
,,,,,,,
,,,,,,,
,,,,,,,
,,,,,,,
,,,,,,,
02243960,429,575,914,1430,2310,220.32,4628.4
,,,,,,,
,,,,,,,
,,,,,,,
,,,,,,,
,,,,,,,
,,,,,,,
,,,,,,,
,,,,,,,
,,,,,,,
,,,,,,,
,,,,,,,
,,,,,,,
,,,,,,,
,,,,,,,
,,,,,,,
,,,,,,,
,,,,,,,
,,,,,,,
,,,,,,,
,,,,,,,
,,,,,,,
,,,,,,,
,,,,,,,
,,,,,,,
,,,,,,,
,,,,,,,
,,,,,,,
,,,,,,,
,,,,,,,
,,,,,,,
,,,,,,,
,,,,,,,
,,,,,,,
,,,,,,,
,,,,,,,
,,,,,,,
,,,,,,,
,,,,,,,
,,,,,,,
,,,,,,,
,,,,,,,
,,,,,,,
,,,,,,,
,,,,,,,
,,,,,,,
,,,,,,,
,,,,,,,
,,,,,,,
01358000,4690,6700,11600,19300,30500,3060,66000
02171500,508,556,637,707,1060,443.77,29300
02091814,794,1230,2660,5560,9391,451,20783.0000000002
,,,,,,,
,,,,,,,
,,,,,,,
,,,,,,,
,,,,,,,
,,,,,,,
,,,,,,,
,,,,,,,
,,,,,,,
,,,,,,,
,,,,,,,
,,,,,,,
,,,,,,,
,,,,,,,
,,,,,,,
01170500,3755,6712.5,11400,20100,33700,1910,68390.0000000001
,,,,,,,
,,,,,,,
,,,,,,,
,,,,,,,
,,,,,,,
,,,,,,,
02105500,916,1230,2280,5635,12200,549,25500
,,,,,,,
,,,,,,,
,,,,,,,
,,,,,,,
,,,,,,,
,,,,,,,
,,,,,,,
,,,,,,,
,,,,,,,
,,,,,,,
,,,,,,,
,,,,,,,
,,,,,,,
,,,,,,,
,,,,,,,
,,,,,,,
,,,,,,,
,,,,,,,
,,,,,,,
,,,,,,,
,,,,,,,
,,,,,,,
,,,,,,,
,,,,,,,
,,,,,,,
,,,,,,,
,,,,,,,
,,,,,,,
,,,,,,,
,,,,,,,
,,,,,,,
,,,,,,,
,,,,,,,
,,,,,,,
,,,,,,,
,,,,,,,
,,,,,,,
,,,,,,,
,,,,,,,
,,,,,,,
,,,,,,,
,,,,,,,
,,,,,,,
,,,,,,,
,,,,,,,
,,,,,,,
,,,,,,,
,,,,,,,
,,,,,,,
,,,,,,,
,,,,,,,
,,,,,,,
,,,,,,,
,,,,,,,
,,,,,,,
,,,,,,,
,,,,,,,
01193500,19,48.2,129,249,427,5.9559,1314.1
,,,,,,,
,,,,,,,
,,,,,,,
,,,,,,,
,,,,,,,
01463500,3470,5100,8970,15400,25500,2670,59400
,,,,,,,
,,,,,,,
,,,,,,,
,,,,,,,
01118500,120,217,461,827,1250,56.11,2430
,,,,,,,
,,,,,,,
,,,,,,,
,,,,,,,
,,,,,,,
02089500,529,839,1660,3720,6650,309,13000
,,,,,,,
,,,,,,,
,,,,,,,
,,,,,,,
,,,,,,,
,,,,,,,
01674500,48,125,316,682,1270,10.56,2960
,,,,,,,
,,,,,,,
,,,,,,,
,,,,,,,
,,,,,,,
02224940,1990,3210,6230,13450,25100,1250,65170.0000000002
,,,,,,,
,,,,,,,
,,,,,,,
,,,,,,,
,,,,,,,
,,,,,,,
,,,,,,,
,,,,,,,
,,,,,,,
,,,,,,,
,,,,,,,
,,,,,,,
,,,,,,,
,,,,,,,
,,,,,,,
,,,,,,,
,,,,,,,
,,,,,,,
,,,,,,,
,,,,,,,
,,,,,,,
,,,,,,,
,,,,,,,
,,,,,,,
,,,,,,,
,,,,,,,
,,,,,,,
,,,,,,,
,,,,,,,
,,,,,,,
,,,,,,,
,,,,,,,
02223000,338,595,1450,3310,6730,248,21441
,,,,,,,
,,,,,,,
,,,,,,,
,,,,,,,
,,,,,,,
,,,,,,,
,,,,,,,
,,,,,,,
,,,,,,,
,,,,,,,
,,,,,,,
,,,,,,,
,,,,,,,
,,,,,,,
,,,,,,,
,,,,,,,
,,,,,,,
,,,,,,,
02197500,4780,5410,6780,10200,18700,4200,32800
,,,,,,,
,,,,,,,
,,,,,,,
,,,,,,,
,,,,,,,
,,,,,,,
,,,,,,,
,,,,,,,
,,,,,,,
,,,,,,,
,,,,,,,
,,,,,,,
,,,,,,,
,,,,,,,
,,,,,,,
,,,,,,,
,,,,,,,
,,,,,,,
,,,,,,,
,,,,,,,
,,,,,,,
,,,,,,,
,,,,,,,
01118500,120,217,461,827,1250,56.11,2430
01184000,4930,8090,13500,22600,38600,2750,82700
,,,,,,,
,,,,,,,
,,,,,,,
,,,,,,,
,,,,,,,
,,,,,,,
,,,,,,,
,,,,,,,
01673000,107,190,472,1010,2080,55.4,7594
,,,,,,,
02105500,916,1230,2280,5635,12200,549,25500
,,,,,,,
,,,,,,,
,,,,,,,
,,,,,,,
,,,,,,,
,,,,,,,
,,,,,,,
,,,,,,,
,,,,,,,
,,,,,,,
,,,,,,,
,,,,,,,
,,,,,,,
01331095,2800,3580,5720,9037.5,12000,2040,25638.9999999999
,,,,,,,
,,,,,,,
,,,,,,,
,,,,,,,
,,,,,,,
02244440,-972.2,-249,404,1120,1970,-3043.2,4923.2
,,,,,,,
,,,,,,,
,,,,,,,
,,,,,,,
,,,,,,,
,,,,,,,
,,,,,,,
,,,,,,,
02105769,982,1390,2650,6590,13800,592.58,25542
,,,,,,,
,,,,,,,
,,,,,,,
,,,,,,,
,,,,,,,
,,,,,,,
,,,,,,,
,,,,,,,
,,,,,,,
,,,,,,,
,,,,,,,
,,,,,,,
01327500,2.184,7.96,40.7,65.6,80.76,0.7072,110
,,,,,,,
,,,,,,,
,,,,,,,
,,,,,,,
,,,,,,,
,,,,,,,
,,,,,,,
,,,,,,,
,,,,,,,
,,,,,,,
,,,,,,,
,,,,,,,
,,,,,,,
,,,,,,,
,,,,,,,
,,,,,,,
,,,,,,,
02172002,3210,4290,5120,6310,9470,833.76,27600
,,,,,,,
,,,,,,,
,,,,,,,
,,,,,,,
,,,,,,,
,,,,,,,
,,,,,,,
,,,,,,,
,,,,,,,
,,,,,,,
,,,,,,,
,,,,,,,
,,,,,,,
,,,,,,,
,,,,,,,
,,,,,,,
,,,,,,,
,,,,,,,
,,,,,,,
,,,,,,,
,,,,,,,
,,,,,,,
,,,,,,,
,,,,,,,
01335754,3130,4160,6870,11000,16100,2200,32000
,,,,,,,
,,,,,,,
,,,,,,,
,,,,,,,
,,,,,,,
,,,,,,,
02135200,3290,5280,9650,16700,26000,1797.1,70358
,,,,,,,
,,,,,,,
,,,,,,,
,,,,,,,
,,,,,,,
,,,,,,,
,,,,,,,
,,,,,,,
,,,,,,,
,,,,,,,
,,,,,,,
,,,,,,,
,,,,,,,
,,,,,,,
,,,,,,,
,,,,,,,
,,,,,,,
,,,,,,,
,,,,,,,
,,,,,,,
,,,,,,,
,,,,,,,
,,,,,,,
,,,,,,,
,,,,,,,
,,,,,,,
,,,,,,,
,,,,,,,
,,,,,,,
,,,,,,,
,,,,,,,
,,,,,,,
,,,,,,,
02084000,259,532,1310,2850,5930,45.385,18200
,,,,,,,
,,,,,,,
,,,,,,,
,,,,,,,
,,,,,,,
,,,,,,,
,,,,,,,
,,,,,,,
,,,,,,,
,,,,,,,
,,,,,,,
,,,,,,,
,,,,,,,
,,,,,,,
,,,,,,,
,,,,,,,
,,,,,,,
,,,,,,,
,,,,,,,
,,,,,,,
,,,,,,,
,,,,,,,
,,,,,,,
,,,,,,,
,,,,,,,
,,,,,,,
,,,,,,,
,,,,,,,
,,,,,,,
,,,,,,,
02135000,442,822.75,1830,3370,5760,200.71,15200
,,,,,,,
,,,,,,,
,,,,,,,
,,,,,,,
,,,,,,,
,,,,,,,
,,,,,,,
,,,,,,,
,,,,,,,
,,,,,,,
,,,,,,,
,,,,,,,
,,,,,,,
,,,,,,,
,,,,,,,
,,,,,,,
,,,,,,,
,,,,,,,
,,,,,,,
,,,,,,,
01463500,3470,5100,8970,15400,25500,2670,59400
,,,,,,,
,,,,,,,
,,,,,,,
,,,,,,,
,,,,,,,
,,,,,,,
,,,,,,,
,,,,,,,
,,,,,,,
,,,,,,,
,,,,,,,
,,,,,,,
,,,,,,,
,,,,,,,
,,,,,,,
,,,,,,,
,,,,,,,
,,,,,,,
,,,,,,,
,,,,,,,
,,,,,,,
,,,,,,,
,,,,,,,
01304500,17,22.5,31,44.8,61,12,94.94
,,,,,,,
,,,,,,,
,,,,,,,
,,,,,,,
,,,,,,,
,,,,,,,
,,,,,,,
,,,,,,,
,,,,,,,
,,,,,,,
,,,,,,,
,,,,,,,
02197000,4110,4630,5920,8700,16600,3470,30800
,,,,,,,
,,,,,,,
,,,,,,,
,,,,,,,
,,,,,,,
,,,,,,,
02215500,1280,1850,3230,6200,11000,851,26200
,,,,,,,
,,,,,,,
,,,,,,,
,,,,,,,
,,,,,,,
,,,,,,,
,,,,,,,
02196485,1720,2180,2590,2900,3110,1190,3450
,,,,,,,
,,,,,,,
,,,,,,,
,,,,,,,
,,,,,,,
,,,,,,,
,,,,,,,
,,,,,,,
,,,,,,,
,,,,,,,
,,,,,,,
,,,,,,,
,,,,,,,
,,,,,,,
02215000,804.9,1250,2450,4660,8173.00000000001,511,23000
,,,,,,,
,,,,,,,
,,,,,,,
,,,,,,,
,,,,,,,
,,,,,,,
,,,,,,,
,,,,,,,
,,,,,,,
,,,,,,,
,,,,,,,
,,,,,,,
,,,,,,,
,,,,,,,
,,,,,,,
,,,,,,,
01196500,66,99,165,269,453,40.5,1420
,,,,,,,
,,,,,,,
,,,,,,,
,,,,,,,
,,,,,,,
,,,,,,,
,,,,,,,
,,,,,,,
,,,,,,,
,,,,,,,
04247000,433,961.75,2880,4670,5920,218,8250
,,,,,,,
,,,,,,,
,,,,,,,
,,,,,,,
,,,,,,,
,,,,,,,
,,,,,,,
,,,,,,,
,,,,,,,
04010500,83,137,235,520.75,1200,27,3200
,,,,,,,
,,,,,,,
,,,,,,,
,,,,,,,
,,,,,,,
,,,,,,,
,,,,,,,
04082400,1480,2390,3790,6340,9390,-1160,15400
,,,,,,,
,,,,,,,
,,,,,,,
,,,,,,,
,,,,,,,
,,,,,,,
,,,,,,,
,,,,,,,
,,,,,,,
,,,,,,,
,,,,,,,
,,,,,,,
,,,,,,,
,,,,,,,
,,,,,,,
,,,,,,,
,,,,,,,
,,,,,,,
,,,,,,,
,,,,,,,
,,,,,,,
,,,,,,,
,,,,,,,
,,,,,,,
,,,,,,,
,,,,,,,
,,,,,,,
,,,,,,,
,,,,,,,
,,,,,,,
,,,,,,,
,,,,,,,
,,,,,,,
,,,,,,,
04235600,702,1140,2460,5070,6900,349,9831.6
,,,,,,,
,,,,,,,
,,,,,,,
,,,,,,,
,,,,,,,
,,,,,,,
,,,,,,,
,,,,,,,
14174000,4870,5910,8990,15300,28400,3900,59140
,,,,,,,
,,,,,,,
,,,,,,,
,,,,,,,
,,,,,,,
,,,,,,,
,,,,,,,
,,,,,,,
,,,,,,,
,,,,,,,
13335050,32.6,38.6,51.5,105,199,24.7,561.379999999999
,,,,,,,
12436500,58600,75000,97600,126000,154000,40000,221000
,,,,,,,
,,,,,,,
,,,,,,,
040851385,1790,2780,4230,6765,10300,605.96,16300
,,,,,,,
,,,,,,,
04247055,1380,2955,6720,10700,14200,661.04,20274
,,,,,,,
,,,,,,,
,,,,,,,
,,,,,,,
,,,,,,,
04240010,49.3,74.6,127,218,349,32.8,869.799999999999
04159130,166000,180000,202000,217000,234000,129000,254000
,,,,,,,
,,,,,,,
,,,,,,,
,,,,,,,
,,,,,,,
,,,,,,,
,,,,,,,
,,,,,,,
,,,,,,,
,,,,,,,
,,,,,,,
,,,,,,,
,,,,,,,
,,,,,,,
,,,,,,,
,,,,,,,
,,,,,,,
04232730,99.45,146,439,1110,1710,49.055,2570
,,,,,,,
04084445,2786,4237.5,5890,8185,11070,1673,14400
14211720,8300,11100,21000,41000,73600,6075.5,147000
,,,,,,,
,,,,,,,
,,,,,,,
,,,,,,,
,,,,,,,
,,,,,,,
,,,,,,,
,,,,,,,
05133500,4880,6930,10200,15400,26900,3420,46200
,,,,,,,
,,,,,,,
,,,,,,,
,,,,,,,
,,,,,,,
,,,,,,,
,,,,,,,
14197900,7081,9130,16500,30825,55490.0000000001,5800,107000
,,,,,,,
04157005,1200,1920,3440,6880,12900,443.38,30200
,,,,,,,
,,,,,,,
,,,,,,,
,,,,,,,
,,,,,,,
,,,,,,,
,,,,,,,
,,,,,,,
,,,,,,,
,,,,,,,
,,,,,,,
04249000,1400,2740,6060,10500,14800,776.6,22100
,,,,,,,
,,,,,,,
,,,,,,,
,,,,,,,
,,,,,,,
,,,,,,,
,,,,,,,
,,,,,,,
,,,,,,,
,,,,,,,
,,,,,,,
,,,,,,,
,,,,,,,
,,,,,,,
,,,,,,,
,,,,,,,
12031000,383,587,2060,5210,10100,264,25500
,,,,,,,
,,,,,,,
14211820,-8.13599999999999,47.2,101,162,236,-347.4,583.959999999999
,,,,,,,
,,,,,,,
,,,,,,,
,,,,,,,
,,,,,,,
,,,,,,,
,,,,,,,
14211820,-8.13599999999999,47.2,101,162,236,-347.4,583.959999999999
,,,,,,,
,,,,,,,
,,,,,,,
14144700,96800,127000,156000,207000,297000,77899,446000
04165710,173000,186000,211000,226000,247000,136000,267000
,,,,,,,
,,,,,,,
,,,,,,,
,,,,,,,
,,,,,,,
,,,,,,,
,,,,,,,
,,,,,,,
,,,,,,,
,,,,,,,
,,,,,,,
,,,,,,,
,,,,,,,
,,,,,,,
,,,,,,,
04127885,51500,60100,75150,91000,103000,41000,112000
14211820,-8.13599999999999,47.2,101,162,236,-347.4,583.959999999999
,,,,,,,
,,,,,,,
,,,,,,,
,,,,,,,
,,,,,,,
,,,,,,,
,,,,,,,
,,,,,,,
,,,,,,,
,,,,,,,
,,,,,,,
,,,,,,,
,,,,,,,
,,,,,,,
,,,,,,,
,,,,,,,
04231600,574.7,973,1850,4010,7060,289.14,11300
,,,,,,,
,,,,,,,
,,,,,,,
04219000,12,134,226,271,298,0.03,348
,,,,,,,
,,,,,,,
,,,,,,,
,,,,,,,
,,,,,,,
,,,,,,,
,,,,,,,
,,,,,,,
14144700,96800,127000,156000,207000,297000,77899,446000
03049500,4410,7160,15300,28300,45000,2790,76800
,,,,,,,
,,,,,,,
,,,,,,,
,,,,,,,
02437100,457,829,1850,4260,9300,188.58,29900
03213700,154,288,634.5,1360,2470,91.514,7782.90000000001
,,,,,,,
,,,,,,,
,,,,,,,
,,,,,,,
,,,,,,,
,,,,,,,
,,,,,,,
02453500,641,1170,1830,4770,10700,136.6,19100
,,,,,,,
,,,,,,,
,,,,,,,
,,,,,,,
,,,,,,,
,,,,,,,
,,,,,,,
,,,,,,,
,,,,,,,
03144500,1400,2360,4860,10500,18800,789.27,29300
,,,,,,,
,,,,,,,
03284230,527.3,1120,3150,8550,15800,123.81,41219
,,,,,,,
,,,,,,,
,,,,,,,
05289800,0.29,3.82,21.5,81.1,205,0,372
,,,,,,,
,,,,,,,
03282060,382,755.75,1940,4842.5,10170,125,28500
,,,,,,,
,,,,,,,
,,,,,,,
,,,,,,,
,,,,,,,
,,,,,,,
03309000,377.6,698,1700,5235,8792,190,19414
,,,,,,,
,,,,,,,
,,,,,,,
14105700,101000,122000,151000,212000,289000,75455,438000
,,,,,,,
,,,,,,,
,,,,,,,
05331000,4240,6390,11600,23400,40000,2550,82300
12039500,550,1170,2140,3410,5740,294,15900
,,,,,,,
,,,,,,,
06807000,21800,31400,38900,51300,70700,15860,134000
,,,,,,,
,,,,,,,
,,,,,,,
,,,,,,,
,,,,,,,
,,,,,,,
,,,,,,,
,,,,,,,
,,,,,,,
02467000,2440,4390,11400,31200,65900,1120,157000
,,,,,,,
,,,,,,,
,,,,,,,
03414000,1820,3230,5740,10700,15900,541.86,29406
,,,,,,,
,,,,,,,
03072655,1220,2230,5350,11800,21000,594,42440
,,,,,,,
07022000,98300,131000,202000,329000,471000,68400,738000
,,,,,,,
,,,,,,,
,,,,,,,
,,,,,,,
,,,,,,,
07057370,2070,3720,6780,13600,18600,770.63,33548
,,,,,,,
,,,,,,,
,,,,,,,
05283500,3196,4290,6730,12800,22200,1610,36583.9999999999
,,,,,,,
,,,,,,,
,,,,,,,
02444160,766.2,1570,3730,9410,22600,446,69489.9999999996
,,,,,,,
,,,,,,,
,,,,,,,
,,,,,,,
,,,,,,,
,,,,,,,
03286500,524,1220,3780,9270,17700,124,48400
,,,,,,,
,,,,,,,
05543500,3910,5350,8210,13100,21600,2050,47040
,,,,,,,
,,,,,,,
,,,,,,,
,,,,,,,
,,,,,,,
,,,,,,,
,,,,,,,
,,,,,,,
,,,,,,,
,,,,,,,
07072500,2940,3680,6390,11900,19800,2150,45300
,,,,,,,
,,,,,,,
,,,,,,,
,,,,,,,
,,,,,,,
,,,,,,,
07249455,2980,7677.5,20600,54200,110000,0,172000
,,,,,,,
,,,,,,,
,,,,,,,
,,,,,,,
,,,,,,,
,,,,,,,
,,,,,,,
,,,,,,,
,,,,,,,
,,,,,,,
02479000,1630,2510,5120,12000,25900,935,66488.0000000001
,,,,,,,
15564900,1100,1600,5780,29500,56160,560,109000
,,,,,,,
,,,,,,,
,,,,,,,
,,,,,,,
,,,,,,,
023432415,2610,4060,6730,11600,20200,1250,53510.0000000001
,,,,,,,
,,,,,,,
,,,,,,,
,,,,,,,
,,,,,,,
,,,,,,,
,,,,,,,
,,,,,,,
,,,,,,,
,,,,,,,
,,,,,,,
,,,,,,,
,,,,,,,
,,,,,,,
,,,,,,,
03282290,410.6,865.5,2380,5880,11500,101.46,33654
,,,,,,,
,,,,,,,
,,,,,,,
05558300,4920,7170,11800,20100,30600,2800,62300
,,,,,,,
,,,,,,,
,,,,,,,
,,,,,,,
,,,,,,,
,,,,,,,
,,,,,,,
,,,,,,,
02469761,3040,5650,14400,37300,80500,1380,160000
,,,,,,,
,,,,,,,
05289800,0.29,3.82,21.5,81.1,205,0,372
,,,,,,,
02420000,5000,7000,13800,28500,52510,2403.9,115000
,,,,,,,
,,,,,,,
,,,,,,,
,,,,,,,
05474500,32500,44900,69300,116000,167000,18300,268000
,,,,,,,
12419000,827,1740,3285,8090,15900,338.61,27438.9999999999
,,,,,,,
,,,,,,,
,,,,,,,
05344500,7270,10000,17000,30700,50900,4830,103000
,,,,,,,
,,,,,,,
,,,,,,,
03287000,492.2,1160,3340,8760,17500,164,48600
,,,,,,,
02489500,1970,2630,4880,13000,30000,1430,55544.0000000001
,,,,,,,
05586100,7000,10300,19700,37200,55430.0000000001,4520,92253.0000000001
,,,,,,,
,,,,,,,
,,,,,,,
,,,,,,,
,,,,,,,
,,,,,,,
,,,,,,,
,,,,,,,
,,,,,,,
,,,,,,,
,,,,,,,
,,,,,,,
06818000,24300,34300,43000,60000,83500,17600,163420
,,,,,,,
,,,,,,,
,,,,,,,
,,,,,,,
,,,,,,,
,,,,,,,
,,,,,,,
,,,,,,,
,,,,,,,
,,,,,,,
,,,,,,,
,,,,,,,
,,,,,,,
08067000,1720,10000,17200,28000,41200,1280,71797.9999999996
,,,,,,,
,,,,,,,
,,,,,,,
,,,,,,,
,,,,,,,
03286500,524,1220,3780,9270,17700,124,48400
07074500,7370,10600,19300,30800,47800,4496,76040
,,,,,,,
,,,,,,,
,,,,,,,
,,,,,,,
,,,,,,,
07381490,90700,128000,219000,335000,437000,61000,602240
,,,,,,,
,,,,,,,
,,,,,,,
,,,,,,,
,,,,,,,
,,,,,,,
,,,,,,,
,,,,,,,
,,,,,,,
,,,,,,,
12422500,1220,2050,3650,8110,15600,606.6,27500
,,,,,,,
,,,,,,,
,,,,,,,
,,,,,,,
,,,,,,,
,,,,,,,
,,,,,,,
03284000,366,867.5,2600,6810,14200,131,41700
02343801,2280,3930,7270,12100,20600,884.54,51700
,,,,,,,
05537980,1760,2270,3130,4680,7000,1200,14000
07165570,789,1940,5050,12900,25500,241.55,61190.0000000001
,,,,,,,
,,,,,,,
,,,,,,,
,,,,,,,
08012000,17.3,51.15,178,800,2520,4.1,6868.4
,,,,,,,
,,,,,,,
,,,,,,,
,,,,,,,
02342881,2710,3757.5,5915,9802.5,16400,1430.7,44979.0000000001
,,,,,,,
05587450,47100,67000,106000,191000,261000,29500,397000
,,,,,,,
,,,,,,,
,,,,,,,
,,,,,,,
,,,,,,,
,,,,,,,
,,,,,,,
,,,,,,,
,,,,,,,
,,,,,,,
,,,,,,,
,,,,,,,
,,,,,,,
,,,,,,,
,,,,,,,
15565447,49000,60000,157000,401000,519300.000000001,38000,750000
,,,,,,,
,,,,,,,
02359170,7870,10700,19300,30200,40300,6010,82659.9999999995
02467000,2440,4390,11400,31200,65900,1120,157000
,,,,,,,
,,,,,,,
,,,,,,,
,,,,,,,
,,,,,,,
,,,,,,,
,,,,,,,
,,,,,,,
,,,,,,,
,,,,,,,
,,,,,,,
,,,,,,,
,,,,,,,
,,,,,,,
,,,,,,,
,,,,,,,
07249455,2980,7677.5,20600,54200,110000,0,172000
,,,,,,,
03290080,886,1920,4840,12400,24320,289.56,60472
,,,,,,,
,,,,,,,
,,,,,,,
,,,,,,,
,,,,,,,
,,,,,,,
,,,,,,,
,,,,,,,
,,,,,,,
07288955,5110,8400,13600,25200,39600,851.25,67890.0000000001
,,,,,,,
,,,,,,,
15453500,22000,29000,64000,2e+05,283000,17500,486410
,,,,,,,
,,,,,,,
05344490,2560,3200,4660,7487.5,12100,1812.2,26178.0000000001
,,,,,,,
,,,,,,,
,,,,,,,
,,,,,,,
,,,,,,,
,,,,,,,
,,,,,,,
,,,,,,,
,,,,,,,
,,,,,,,
,,,,,,,
,,,,,,,
,,,,,,,
07288800,4500,6760,10300,17300,25500,-455.679999999999,40044
,,,,,,,
,,,,,,,
,,,,,,,
,,,,,,,
03075070,1420,2500,5890,12900,22700,670,49441
,,,,,,,
,,,,,,,
,,,,,,,
,,,,,,,
,,,,,,,
,,,,,,,
,,,,,,,
,,,,,,,
,,,,,,,
,,,,,,,
03085000,2480,4010,9060,16625,29300,1625.1,60298
,,,,,,,
02465000,479,1690,3960,10400,19500,131,62798
,,,,,,,
,,,,,,,
,,,,,,,
,,,,,,,
07341500,2616,4420,9600,21600,42280,1316.4,77725.9999999999
,,,,,,,
,,,,,,,
,,,,,,,
,,,,,,,
,,,,,,,
,,,,,,,
05595000,498,1220,3925,7832.5,13200,213,25137
07061000,3010,5050,9570,18200,25400,1290,48715.9999999996
,,,,,,,
07263451,0,3740,13400,23400,31000,0,37900
,,,,,,,
,,,,,,,
,,,,,,,
,,,,,,,
,,,,,,,
03062500,8.41,22.1,67.1,146,284,2.91,748.98
02469761,3040,5650,14400,37300,80500,1380,160000
,,,,,,,
,,,,,,,
,,,,,,,
,,,,,,,
,,,,,,,
,,,,,,,
,,,,,,,
,,,,,,,
,,,,,,,
,,,,,,,
,,,,,,,
,,,,,,,
,,,,,,,
,,,,,,,
,,,,,,,
,,,,,,,
,,,,,,,
,,,,,,,
,,,,,,,
,,,,,,,
,,,,,,,
03290500,642,1560,4520,11300,21700,180,55506.0000000001
,,,,,,,
,,,,,,,
,,,,,,,
,,,,,,,
03198000,3310,5175,10500,20500,35100,2330,80245.9999999999
,,,,,,,
,,,,,,,
,,,,,,,
,,,,,,,
,,,,,,,
,,,,,,,
,,,,,,,
,,,,,,,
,,,,,,,
,,,,,,,
03036500,3660,5840,12000,23000,36500,2530,64340
,,,,,,,
,,,,,,,
,,,,,,,
,,,,,,,
,,,,,,,
,,,,,,,
,,,,,,,
,,,,,,,
,,,,,,,
05536890,1390,1730,2360,3270,4570,915.22,9593.40000000002
,,,,,,,
,,,,,,,
,,,,,,,
,,,,,,,
,,,,,,,
,,,,,,,
,,,,,,,
07367005,1870,3992.5,15050,38375,55600,737.75,76375
,,,,,,,
,,,,,,,
,,,,,,,
,,,,,,,
,,,,,,,
,,,,,,,
,,,,,,,
,,,,,,,
03282120,379,825,2190,5510,10940.0000000001,116,31074
02428400,6290,8950,17100,39400,75800,3750,138000
07249455,2980,7677.5,20600,54200,110000,0,172000
,,,,,,,
12200500,7920,10500,14500,19700,26400,5480,50779.9999999999
,,,,,,,
,,,,,,,
,,,,,,,
,,,,,,,
,,,,,,,
,,,,,,,
,,,,,,,
,,,,,,,
,,,,,,,
,,,,,,,
,,,,,,,
,,,,,,,
,,,,,,,
,,,,,,,
,,,,,,,
,,,,,,,
,,,,,,,
,,,,,,,
,,,,,,,
,,,,,,,
,,,,,,,
,,,,,,,
,,,,,,,
06895500,28300,39000,50500,76000,112000,19800,209000
,,,,,,,
,,,,,,,
,,,,,,,
,,,,,,,
,,,,,,,
,,,,,,,
,,,,,,,
,,,,,,,
,,,,,,,
,,,,,,,
,,,,,,,
,,,,,,,
,,,,,,,
,,,,,,,
,,,,,,,
,,,,,,,
,,,,,,,
,,,,,,,
,,,,,,,
,,,,,,,
,,,,,,,
,,,,,,,
,,,,,,,
,,,,,,,
07031650,280,363,539,957,2100,213,7601.19999999997
,,,,,,,
07077000,9090,12900,25300,40100,56800,5500,93612.0000000003
,,,,,,,
,,,,,,,
,,,,,,,
,,,,,,,
,,,,,,,
,,,,,,,
15493700,170,410,1020,1820,3071,88,7120
07010000,90300,121000,184000,302000,432000,64000,683400
,,,,,,,
03085000,2480,4010,9060,16625,29300,1625.1,60298
,,,,,,,
,,,,,,,
,,,,,,,
,,,,,,,
,,,,,,,
,,,,,,,
,,,,,,,
07194500,1700,4110,12200,33100,67600,300,127000
,,,,,,,
,,,,,,,
,,,,,,,
,,,,,,,
,,,,,,,
,,,,,,,
,,,,,,,
03320000,1320,2900,7200,16500,28600,478.92,47600
,,,,,,,
,,,,,,,
07362000,1150,2030,4210,10600,21500,570.18,56394.0000000001
,,,,,,,
,,,,,,,
05420460,6070,7940,11400,18200,27200,3960,46599
,,,,,,,
03290500,642,1560,4520,11300,21700,180,55506.0000000001
,,,,,,,
,,,,,,,
,,,,,,,
,,,,,,,
,,,,,,,
,,,,,,,
,,,,,,,
,,,,,,,
03075070,1420,2500,5890,12900,22700,670,49441
,,,,,,,
,,,,,,,
,,,,,,,
,,,,,,,
,,,,,,,
,,,,,,,
,,,,,,,
,,,,,,,
,,,,,,,
,,,,,,,
,,,,,,,
,,,,,,,
,,,,,,,
,,,,,,,
,,,,,,,
,,,,,,,
,,,,,,,
,,,,,,,
,,,,,,,
,,,,,,,
,,,,,,,
,,,,,,,
,,,,,,,
07385700,213,277,360,549,852,115.41,1620
,,,,,,,
,,,,,,,
,,,,,,,
,,,,,,,
,,,,,,,
,,,,,,,
,,,,,,,
,,,,,,,
,,,,,,,
,,,,,,,
07176000,62.4,128,1010,6970,14600,26.061,31238.9999999999
,,,,,,,
,,,,,,,
02465000,479,1690,3960,10400,19500,131,62798
,,,,,,,
,,,,,,,
,,,,,,,
,,,,,,,
,,,,,,,
,,,,,,,
,,,,,,,
03254693,0.271,0.52,1.31,3.3625,10.7,0.04,76.607
,,,,,,,
,,,,,,,
,,,,,,,
,,,,,,,
,,,,,,,
,,,,,,,
02358000,6290,9360,14500,24100,41700,5050,87959.9999999999
,,,,,,,
,,,,,,,
,,,,,,,
,,,,,,,
,,,,,,,
,,,,,,,
,,,,,,,
,,,,,,,
,,,,,,,
03212750,46.7,73.3,142,266,436,32.809,1189.1
,,,,,,,
,,,,,,,
,,,,,,,
,,,,,,,
,,,,,,,
03282060,382,755.75,1940,4842.5,10170,125,28500
,,,,,,,
,,,,,,,
,,,,,,,
,,,,,,,
,,,,,,,
,,,,,,,
,,,,,,,
,,,,,,,
,,,,,,,
,,,,,,,
07374000,225000,320000,506000,732000,970300,155000,1320000
,,,,,,,
,,,,,,,
02466030,1015,2410,5500,14625,28450,691.1,53435
,,,,,,,
,,,,,,,
,,,,,,,
03284500,399,1070,3200,8010,16300,23.156,44115.9999999998
,,,,,,,
,,,,,,,
,,,,,,,
,,,,,,,
,,,,,,,
05474500,32500,44900,69300,116000,167000,18300,268000
,,,,,,,
,,,,,,,
,,,,,,,
,,,,,,,
,,,,,,,
,,,,,,,
05378500,13000,17900,28400,48700,72600,8822.1,137000
,,,,,,,
,,,,,,,
,,,,,,,
,,,,,,,
03282000,300,633,1700,4480,9747.00000000001,105,30100
,,,,,,,
,,,,,,,
,,,,,,,
,,,,,,,
,,,,,,,
,,,,,,,
,,,,,,,
,,,,,,,
,,,,,,,
,,,,,,,
,,,,,,,
,,,,,,,
,,,,,,,
,,,,,,,
03036500,3660,5840,12000,23000,36500,2530,64340
05331580,4850,6900,12400,25300,42800,3250,95125
,,,,,,,
,,,,,,,
,,,,,,,
,,,,,,,
,,,,,,,
06813500,23100,33000,40900,56100,77200,16960,149000
,,,,,,,
,,,,,,,
,,,,,,,
,,,,,,,
,,,,,,,
03287500,506,1240,3710,9390,18500,162.51,50698
,,,,,,,
,,,,,,,
07020500,94200,126000,194000,316000,449000,66000,710400
,,,,,,,
,,,,,,,
03072655,1220,2230,5350,11800,21000,594,42440
14246900,120000,153000,205000,288000,379000,87100,555000
,,,,,,,
06601200,15000,21600,29500,35400,54420.0000000001,10900,101719.999999999
07374525,235000,330000,517000,746000,981000,142000,1170000
,,,,,,,
,,,,,,,
,,,,,,,
,,,,,,,
15024800,7600,11100,32600,97900,134000,5400,195400
,,,,,,,
,,,,,,,
,,,,,,,
,,,,,,,
,,,,,,,
03316500,1190,2517.5,5800,13700,22000,486.79,42700
,,,,,,,
07250551,5.23999999999999,4500,12100,20500,25200,0,28800
,,,,,,,
,,,,,,,
,,,,,,,
,,,,,,,
,,,,,,,
06934500,39200,48600,73000,120000,182000,24960,322000
07263451,0,3740,13400,23400,31000,0,37900
,,,,,,,
,,,,,,,
,,,,,,,
,,,,,,,
,,,,,,,
,,,,,,,
,,,,,,,
,,,,,,,
,,,,,,,
,,,,,,,
14144700,96800,127000,156000,207000,297000,77899,446000
,,,,,,,
03049500,4410,7160,15300,28300,45000,2790,76800
,,,,,,,
,,,,,,,
,,,,,,,
,,,,,,,
,,,,,,,
,,,,,,,
05568500,5610,7760,13800,24900,35800,3290,62000
,,,,,,,
,,,,,,,
,,,,,,,
,,,,,,,
,,,,,,,
05330000,665,1400,3690,9470,18700,255,46659.9999999999
,,,,,,,
,,,,,,,
,,,,,,,
,,,,,,,
15304000,11000,14000,32900,65600,90600,9000,150000
,,,,,,,
,,,,,,,
,,,,,,,
,,,,,,,
,,,,,,,
,,,,,,,
03025500,2640,3850,8210,16000,25300,1920,42240
,,,,,,,
,,,,,,,
,,,,,,,
,,,,,,,
,,,,,,,
,,,,,,,
03293510,-3.96,12.7,34.2,74,191,-21.6,1150
03216600,16000,27400,61050,122000,198000,8330,367000
,,,,,,,
15515500,6800,7600,14000,41700,60300,5800,80045.9999999999
,,,,,,,
,,,,,,,
,,,,,,,
,,,,,,,
07289000,300300,421250,663500,977000,1270000,2e+05,1810000
,,,,,,,
,,,,,,,
,,,,,,,
,,,,,,,
,,,,,,,
11390500,4470,5540,7300,10800,22200,3220,28700
,,,,,,,
,,,,,,,
03086000,7730,12800,26300,49500,75800,4652,135400
,,,,,,,
,,,,,,,
,,,,,,,
,,,,,,,
,,,,,,,
,,,,,,,
,,,,,,,
,,,,,,,
,,,,,,,
11389500,4730,5980,7940,11200,23210,3520,44500
,,,,,,,
,,,,,,,
,,,,,,,
03303280,23700,44800,98800,192000,293000,8066,519480
,,,,,,,
,,,,,,,
,,,,,,,
08015500,287,440,921,2580,5670,146.5,22150
,,,,,,,
,,,,,,,
,,,,,,,
07381000,112,164,221,355,444,54.032,609
,,,,,,,
,,,,,,,
,,,,,,,
,,,,,,,
,,,,,,,
,,,,,,,
,,,,,,,
,,,,,,,
,,,,,,,
,,,,,,,
,,,,,,,
,,,,,,,
,,,,,,,
,,,,,,,
03612600,96200,142000,256000,463000,691000,57000,1080000
,,,,,,,
,,,,,,,
,,,,,,,
12150800,2040,3930,7580,12100,18100,1220,43940
,,,,,,,
,,,,,,,
,,,,,,,
,,,,,,,
,,,,,,,
03431790,6789,10200,16850,36700,53700,3820,92391
,,,,,,,
,,,,,,,
,,,,,,,
,,,,,,,
,,,,,,,
,,,,,,,
03612600,96200,142000,256000,463000,691000,57000,1080000
,,,,,,,
,,,,,,,
03260015,0.28,0.84,2.31,6.41,19,0.01,96.8
,,,,,,,
,,,,,,,
,,,,,,,
,,,,,,,
,,,,,,,
02366500,2040,2880,4560,7700,12800,1340,33134
,,,,,,,
,,,,,,,
,,,,,,,
03303280,23700,44800,98800,192000,293000,8066,519480
,,,,,,,
,,,,,,,
,,,,,,,
,,,,,,,
,,,,,,,
,,,,,,,
,,,,,,,
,,,,,,,
,,,,,,,
,,,,,,,
,,,,,,,
,,,,,,,
,,,,,,,
,,,,,,,
,,,,,,,
,,,,,,,
,,,,,,,
,,,,,,,
,,,,,,,
,,,,,,,
,,,,,,,
,,,,,,,
03216600,16000,27400,61050,122000,198000,8330,367000
,,,,,,,
,,,,,,,
,,,,,,,
,,,,,,,
03399800,34400,66200,150000,293000,455000,13433,740670
,,,,,,,
,,,,,,,
03086000,7730,12800,26300,49500,75800,4652,135400
,,,,,,,
,,,,,,,
,,,,,,,
,,,,,,,
,,,,,,,
,,,,,,,
,,,,,,,
,,,,,,,
,,,,,,,
,,,,,,,
,,,,,,,
,,,,,,,
,,,,,,,
,,,,,,,
03381700,38300,78200,165000,298000,438800,15042,710000
,,,,,,,
03294500,21300,40300,88600,183000,296000,9500,495000
,,,,,,,
03431500,5710,8780,15300,33500,50400,2700,86900
,,,,,,,
,,,,,,,
,,,,,,,
,,,,,,,
,,,,,,,
,,,,,,,
07381000,112,164,221,355,444,54.032,609
,,,,,,,
,,,,,,,
,,,,,,,
,,,,,,,
,,,,,,,
,,,,,,,
,,,,,,,
,,,,,,,
,,,,,,,
,,,,,,,
,,,,,,,
,,,,,,,
,,,,,,,
,,,,,,,
11425500,7540,9790,13400,19800,41500,5445.8,70042
,,,,,,,
,,,,,,,
,,,,,,,
,,,,,,,
,,,,,,,
,,,,,,,
,,,,,,,
,,,,,,,
,,,,,,,
,,,,,,,
,,,,,,,
02080500,2130,2730,5860,10700,19500,1220,34342
,,,,,,,
,,,,,,,
07032000,231000,330000,503000,766000,1060000,139000,1490000
,,,,,,,
,,,,,,,
,,,,,,,
,,,,,,,
,,,,,,,
03294500,21300,40300,88600,183000,296000,9500,495000
03277200,19410,35900,81700,163000,260000,8500,448000
,,,,,,,
,,,,,,,
,,,,,,,
,,,,,,,
,,,,,,,
,,,,,,,
,,,,,,,
03238140,0.22,0.59,1.59,4,12.3,0.04,77.6040000000001
,,,,,,,
,,,,,,,
,,,,,,,
,,,,,,,
,,,,,,,
,,,,,,,
15744500,1700,2400,6300,21000,43600,1100,106000
,,,,,,,
,,,,,,,
08078000,3.94,9.5,20.4,54.1,199,0.596,1880
